"","species","file"
"1","Caretta caretta","04EC10002013F0325_Biological_Opinon.pdf"
"2","Caretta caretta","04EF1000-2012-F-0125_20130313_ltr_FWS_COE_LongboatPass_sand_trap.pdf"
"3","Caretta caretta","04EF1000-2012-F-0133-R001_20131210_bo_FWS_Corps__LongboatKey_Final.pdf"
"4","Caretta caretta","04EF1000-2012-F-0133-R001_20140922_ltr_FWS_COE_final_LongboatKey_BOmod.pdf"
"5","Caretta caretta","04EF1000-2013-F-0148_20130702_bo_FWS_Corps_BO_FCCE_Projects_encl.pdf"
"6","Caretta caretta","04EF1000-2013-F-0148_20130822_bo_FWS_Corps_revised_final_BO_and_TA_FCCE_Projects.pdf"
"7","Gila elegans","06E00000-2012-F-0001.pdf"
"8","Xyrauchen texanus","06E00000-2012-F-0001.pdf"
"9","Cynomys parvidens","06E00000-2012-F-0001.pdf"
"10","Zapus hudsonius preblei","06E00000-2012-F-0001.pdf"
"11","Gopherus agassizii","06E00000-2012-F-0001.pdf"
"12","Zapus hudsonius preblei","06E24000-2013-F-0775.pdf"
"13","Xyrauchen texanus","06E24100-2012-F-0123.pdf"
"14","Rana draytonii","06_Pacifica_Recycled_Water_Project.pdf"
"15","Gopherus agassizii","08ENVD00-2012-F-0015_Biological_Assessment_for_BLM_Caliente_Term_Permit_Renewal_for_Livestock_Garden_Springs_White_Rock_Summit_Spring.pdf"
"16","Gopherus agassizii","08ENVD00-2012-F-0015_BLM_Caliente_Term_Permit_Renewal_for_Livestock_Garden_Springs_White_Rock_Summit_Spring_Append.pdf"
"17","Gopherus agassizii","08ENVD00-2012-F-0015_BLM_Caliente_Term_Permit_Renewal_for_Livestock_Garden_Springs_White_Rock_Summit_Spring.pdf"
"18","Xyrauchen texanus","08ENVD00-2012-F-0252_Biological_Assessment_for_BLM_Vegas_to_Reno_Time_Trials_-_Nellis_Dunes_BITD.pdf"
"19","Gopherus agassizii","08ENVD00-2012-F-0252_Biological_Assessment_for_BLM_Vegas_to_Reno_Time_Trials_-_Nellis_Dunes_BITD.pdf"
"20","Gopherus agassizii","08ENVD00-2012-F-0252_BLM_Vegas_to_Reno_Time_Trials_-_Nellis_Dunes_BITD.pdf"
"21","Salvelinus confluentus","10_F_0208_Lemhi.pdf"
"22","Rana draytonii","10_State_Route_152_Lovers_Lane.pdf"
"23","Rana draytonii","11._10B0117-10F0215_Tehachapi_Renewable_Transmission_proj_s07-31-10-JBartel.pdf"
"24","Gopherus agassizii","11._10B0117-10F0215_Tehachapi_Renewable_Transmission_proj_s07-31-10-JBartel.pdf"
"25","Lycaeides melissa samuelis","11-F-0424_Menominee_Wildlife_Research_Project.pdf"
"26","Rana draytonii","12._10B0117-10F0215-R001_LA_BO_Amend_-Techachapi_Renewable_Transmission_20120113.pdf"
"27","Anaxyrus californicus","12._10B0117-10F0215-R001_LA_BO_Amend_-Techachapi_Renewable_Transmission_20120113.pdf"
"28","Gopherus agassizii","12._10B0117-10F0215-R001_LA_BO_Amend_-Techachapi_Renewable_Transmission_20120113.pdf"
"29","Salvelinus confluentus","13420-2009-F-0047.pdf"
"30","Chasmistes brevirostris","13420-2009-F-0047.pdf"
"31","Deltistes luxatus","13420-2009-F-0047.pdf"
"32","Plagiobothrys hirtus","13420-2009-F-0047.pdf"
"33","Myotis sodalis","13_IN_Section5ofI69HWYBOAmendment.pdf"
"34","Myotis sodalis","13_IN_Section5ofI69HWYBO.pdf"
"35","Rana draytonii","14._10B0117-10F0215-R003_LA_TRTP_Clarifications_s20130820_jds.pdf"
"36","Anaxyrus californicus","14._10B0117-10F0215-R003_LA_TRTP_Clarifications_s20130820_jds.pdf"
"37","Gopherus agassizii","14._10B0117-10F0215-R003_LA_TRTP_Clarifications_s20130820_jds.pdf"
"38","Rana draytonii","15._10B0117-10F0215-R004_LA_TRTP_Clarifications_s20131030.pdf"
"39","Anaxyrus californicus","15._10B0117-10F0215-R004_LA_TRTP_Clarifications_s20131030.pdf"
"40","Gopherus agassizii","15._10B0117-10F0215-R004_LA_TRTP_Clarifications_s20131030.pdf"
"41","Rana draytonii","16._10B0117-10F0215-R005_LA_TRTP_s20140331_jds.pdf"
"42","Anaxyrus californicus","16._10B0117-10F0215-R005_LA_TRTP_s20140331_jds.pdf"
"43","Gopherus agassizii","16._10B0117-10F0215-R005_LA_TRTP_s20140331_jds.pdf"
"44","Rana draytonii","17._10B0117-10F0215-R006_LA_TRTP_s20140620_kag.pdf"
"45","Anaxyrus californicus","17._10B0117-10F0215-R006_LA_TRTP_s20140620_kag.pdf"
"46","Caretta caretta","2007_Oct_25_Panama_City_Beach_Nourishment.pdf"
"47","Caretta caretta","20080321_letter_Service_to_Corps_BO_Blind_Pass_2006_FA_1549.pdf"
"48","Caretta caretta","20080804_public_notice_Corps_to_Service_Marathon_High_School_199232024.pdf"
"49","Caretta caretta","20080911_letter_Service_to_Corps_concur_08_FA_878_Marathon_HS_manatee_turtle_wh2.pdf"
"50","Caretta caretta","20080911_letter_Service_to_Corps_concur_08_FA_878_Marathon_HS_manatee_turtle_wh.pdf"
"51","Caretta caretta","20081016_letter_Service_to_Corps_concur_08_FA_0762_Atkinson_turtle_wh.pdf"
"52","Caretta caretta","20081104_letter_Service_to_Corps_BO_Mod_2008_FA_0524.pdf"
"53","Eucyclogobius newberryi","20._08B0100-12F0547_SDG_I-5_North_Coast_Corridor_BO_s20121231_kag.pdf"
"54","Salvelinus confluentus","2008-F-0004_BO_BPA_Yakima_Fisheries_Project_2006-2011.pdf"
"55","Salvelinus confluentus","2008-F-0138_BO_+2008-I-0139_Chewuch_Diversion_Dam_Modification_BO.pdf"
"56","Rana chiricahuensis","2008_Fire_Retardant_programmatic.pdf"
"57","Picoides borealis","2008_Fire_Retardant_programmatic.pdf"
"58","Strix occidentalis caurina","2008_Fire_Retardant_programmatic.pdf"
"59","Eucyclogobius newberryi","2008_Fire_Retardant_programmatic.pdf"
"60","Gila elegans","2008_Fire_Retardant_programmatic.pdf"
"61","Xyrauchen texanus","2008_Fire_Retardant_programmatic.pdf"
"62","Oncorhynchus gilae","2008_Fire_Retardant_programmatic.pdf"
"63","Salvelinus confluentus","2008_Fire_Retardant_programmatic.pdf"
"64","Chasmistes brevirostris","2008_Fire_Retardant_programmatic.pdf"
"65","Deltistes luxatus","2008_Fire_Retardant_programmatic.pdf"
"66","Salmo salar","2008_Fire_Retardant_programmatic.pdf"
"67","Lycaeides melissa samuelis","2008_Fire_Retardant_programmatic.pdf"
"68","Fritillaria gentneri","2008_Fire_Retardant_programmatic.pdf"
"69","Cynomys parvidens","2008_Fire_Retardant_programmatic.pdf"
"70","Myotis sodalis","2008_Fire_Retardant_programmatic.pdf"
"71","Zapus hudsonius preblei","2008_Fire_Retardant_programmatic.pdf"
"72","Plagiobothrys hirtus","2008_Fire_Retardant_programmatic.pdf"
"73","Gopherus agassizii","2008_Fire_Retardant_programmatic.pdf"
"74","Caretta caretta","2008-I-0417_Mexico_Beach_Sand_bypass_System_permit_mod.pdf"
"75","Gila elegans","2008_Pinedale_RMP.pdf"
"76","Xyrauchen texanus","2008_Pinedale_RMP.pdf"
"77","Caretta caretta","20090227_letter_Corps_to_Service_Humiston_Beach__Park_20090012.pdf"
"78","Caretta caretta","20091113_Letter_Corps_to_Service.pdf"
"79","Caretta caretta","20091210_Letter__Corps_to_Service_Letter_and_BA.pdf"
"80","Strix occidentalis caurina","2009-F-0016_BO_Deep_Creek_Flood_Repair.pdf"
"81","Salvelinus confluentus","2009-F-0016_BO_Deep_Creek_Flood_Repair.pdf"
"82","Strix occidentalis caurina","2009-F-0097_BO.pdf"
"83","Salvelinus confluentus","2009-F-0103_BO_Brown_Bank_Stabilization_Project.pdf"
"84","Salvelinus confluentus","2009-F-0128_BO_+2009-1-0127_Cub_Allotment_Management_Plan_Renewal_BO.pdf"
"85","Salvelinus confluentus","2009-F-0153_BO_MVID_East_Diversion_Modification.pdf"
"86","Caretta caretta","2009_F-0226_Lake_Powel_Outlet_Emergency_Opening.pdf"
"87","Caretta caretta","2009-I-0002_City_of_Mexico_Beach_Pier_Extension.pdf"
"88","Caretta caretta","2009-I-0144_Emergency_outlet_opening_Stallworth_Lake.pdf"
"89","Caretta caretta","2009-I-0313_Stephen_Vrondran_No_doc_atchd_entered_to_tails_as_received_only.pdf"
"90","Caretta caretta","20100528_Letter_Service_to_Corps_Broward_III_Jetty_Repair_Concurance_2010_CPA_0144.pdf"
"91","Caretta caretta","20100607_Letter_Corps_to_Service_Consultation_Letter_and_Public_Notice.pdf"
"92","Caretta caretta","20100915_Letter_Service_to_Corps_Big_Hickory_Island_Sand_Placement__Groins_BO_2010_CPA_0100.pdf"
"93","Rana draytonii","2010-F-0052.pdf"
"94","Caretta caretta","2010-IE-0204_Walton_County_dune_lake_outlet_emergency_response_MC_252.pdf"
"95","Caretta caretta","20110512_Letter_Service_to_Corps_Big_Hickory_Island_Sand_Placement___Groins_BO_Mod_2010_CPA_0100.pdf"
"96","Caretta caretta","20110512_Letter_Service_to_Corps_John_D._MacArthur_Beach_Derelict_Vessel_Removal_Concurrence_2011_CPA_0102.pdf"
"97","Caretta caretta","20110720_letter_Service_to_Corps_Navy_Cable_Lay_Installation_Concurrence_2011_CAO_0206.pdf"
"98","Caretta caretta","20111101_Letter_Service_to_Corps_BO_St._Lucie_Inlet_Dredging_Sand_Placement_2010_CPA_0464.pdf"
"99","Caretta caretta","20111214_letter_Service_to_Corps_Village_of_Key_Biscayne_SPBO_Acceptance_Letter_2010_CPA_0403.pdf"
"100","Rana draytonii","2011FireRetardantBiologicalAssessement--final.pdf"
"101","Anaxyrus californicus","2011FireRetardantBiologicalAssessement--final.pdf"
"102","Rana chiricahuensis","2011FireRetardantBiologicalAssessement--final.pdf"
"103","Picoides borealis","2011FireRetardantBiologicalAssessement--final.pdf"
"104","Strix occidentalis caurina","2011FireRetardantBiologicalAssessement--final.pdf"
"105","Eucyclogobius newberryi","2011FireRetardantBiologicalAssessement--final.pdf"
"106","Gila elegans","2011FireRetardantBiologicalAssessement--final.pdf"
"107","Xyrauchen texanus","2011FireRetardantBiologicalAssessement--final.pdf"
"108","Oncorhynchus gilae","2011FireRetardantBiologicalAssessement--final.pdf"
"109","Salvelinus confluentus","2011FireRetardantBiologicalAssessement--final.pdf"
"110","Chasmistes brevirostris","2011FireRetardantBiologicalAssessement--final.pdf"
"111","Deltistes luxatus","2011FireRetardantBiologicalAssessement--final.pdf"
"112","Salmo salar","2011FireRetardantBiologicalAssessement--final.pdf"
"113","Lycaeides melissa samuelis","2011FireRetardantBiologicalAssessement--final.pdf"
"114","Fritillaria gentneri","2011FireRetardantBiologicalAssessement--final.pdf"
"115","Cynomys parvidens","2011FireRetardantBiologicalAssessement--final.pdf"
"116","Ovis canadensis sierrae","2011FireRetardantBiologicalAssessement--final.pdf"
"117","Myotis sodalis","2011FireRetardantBiologicalAssessement--final.pdf"
"118","Zapus hudsonius preblei","2011FireRetardantBiologicalAssessement--final.pdf"
"119","Plagiobothrys hirtus","2011FireRetardantBiologicalAssessement--final.pdf"
"120","Clemmys muhlenbergii","2011FireRetardantBiologicalAssessement--final.pdf"
"121","Gopherus agassizii","2011FireRetardantBiologicalAssessement--final.pdf"
"122","Rana draytonii","2011_Fire_Retardant_BO.pdf"
"123","Anaxyrus californicus","2011_Fire_Retardant_BO.pdf"
"124","Picoides borealis","2011_Fire_Retardant_BO.pdf"
"125","Strix occidentalis caurina","2011_Fire_Retardant_BO.pdf"
"126","Eucyclogobius newberryi","2011_Fire_Retardant_BO.pdf"
"127","Xyrauchen texanus","2011_Fire_Retardant_BO.pdf"
"128","Oncorhynchus gilae","2011_Fire_Retardant_BO.pdf"
"129","Salvelinus confluentus","2011_Fire_Retardant_BO.pdf"
"130","Chasmistes brevirostris","2011_Fire_Retardant_BO.pdf"
"131","Deltistes luxatus","2011_Fire_Retardant_BO.pdf"
"132","Salmo salar","2011_Fire_Retardant_BO.pdf"
"133","Fritillaria gentneri","2011_Fire_Retardant_BO.pdf"
"134","Cynomys parvidens","2011_Fire_Retardant_BO.pdf"
"135","Myotis sodalis","2011_Fire_Retardant_BO.pdf"
"136","Rana draytonii","2011_Fire_Retardant_programmatic_UPDATED.pdf"
"137","Anaxyrus californicus","2011_Fire_Retardant_programmatic_UPDATED.pdf"
"138","Picoides borealis","2011_Fire_Retardant_programmatic_UPDATED.pdf"
"139","Strix occidentalis caurina","2011_Fire_Retardant_programmatic_UPDATED.pdf"
"140","Eucyclogobius newberryi","2011_Fire_Retardant_programmatic_UPDATED.pdf"
"141","Xyrauchen texanus","2011_Fire_Retardant_programmatic_UPDATED.pdf"
"142","Oncorhynchus gilae","2011_Fire_Retardant_programmatic_UPDATED.pdf"
"143","Salvelinus confluentus","2011_Fire_Retardant_programmatic_UPDATED.pdf"
"144","Chasmistes brevirostris","2011_Fire_Retardant_programmatic_UPDATED.pdf"
"145","Deltistes luxatus","2011_Fire_Retardant_programmatic_UPDATED.pdf"
"146","Salmo salar","2011_Fire_Retardant_programmatic_UPDATED.pdf"
"147","Fritillaria gentneri","2011_Fire_Retardant_programmatic_UPDATED.pdf"
"148","Cynomys parvidens","2011_Fire_Retardant_programmatic_UPDATED.pdf"
"149","Myotis sodalis","2011_Fire_Retardant_programmatic_UPDATED.pdf"
"150","Caretta caretta","2011-I-0228_Drainage_Ditch_COE_Num._DAJ-2011-0088_GULF_COUNTY_FL.pdf"
"151","Caretta caretta","2011-I-0355_SAJ-2011-00557_IP-DNAFlorida_Power_Corp.Progress_Energy_Trans._Line_Frapdf.pdf"
"152","Caretta caretta","20120210_letter_Service_to_Corps_Palm_Beach_Harbor_O_M_SPBO_Acceptance_Letter_2008_FA_0524.pdf"
"153","Caretta caretta","20121009_letter_Service_to_Corps_11_CPA_0274_croc_TS_man_turtle_EIS.pdf"
"154","Caretta caretta","20121106_Letter_Service_to_Corps_BO_Mod_Blind_Pass_Reopening_2006_FA_1549.pdf"
"155","Rana chiricahuensis","2012_EPA_vessel_BiOp_Final.pdf"
"156","Eucyclogobius newberryi","2012_EPA_vessel_BiOp_Final.pdf"
"157","Gila elegans","2012_EPA_vessel_BiOp_Final.pdf"
"158","Xyrauchen texanus","2012_EPA_vessel_BiOp_Final.pdf"
"159","Oncorhynchus gilae","2012_EPA_vessel_BiOp_Final.pdf"
"160","Salvelinus confluentus","2012_EPA_vessel_BiOp_Final.pdf"
"161","Chasmistes brevirostris","2012_EPA_vessel_BiOp_Final.pdf"
"162","Deltistes luxatus","2012_EPA_vessel_BiOp_Final.pdf"
"163","Salmo salar","2012_EPA_vessel_BiOp_Final.pdf"
"164","Myotis sodalis","2012_EPA_vessel_BiOp_Final.pdf"
"165","Plagiobothrys hirtus","2012_EPA_vessel_BiOp_Final.pdf"
"166","Clemmys muhlenbergii","2012_EPA_vessel_BiOp_Final.pdf"
"167","Caretta caretta","2012_EPA_vessel_BiOp_Final.pdf"
"168","Masticophis lateralis euryxanthus","2012_EPA_vessel_BiOp_Final.pdf"
"169","Caretta caretta","20130227_Letter_Corps_to_Service_Modification_Request.pdf"
"170","Caretta caretta","2013_F_0066_Mexico_Beach_Canal_Bay_Co_fl_SAJ_2001_140IP_DNA.pdf"
"171","Rana draytonii","2014_EPA_316b_cooling_water_BiOp.pdf"
"172","Eucyclogobius newberryi","2014_EPA_316b_cooling_water_BiOp.pdf"
"173","Xyrauchen texanus","2014_EPA_316b_cooling_water_BiOp.pdf"
"174","Salvelinus confluentus","2014_EPA_316b_cooling_water_BiOp.pdf"
"175","Salmo salar","2014_EPA_316b_cooling_water_BiOp.pdf"
"176","Caretta caretta","2014_EPA_316b_cooling_water_BiOp.pdf"
"177","Caretta caretta","2014-I-0173_US_331_new_twin_span_and_county_park.pdf"
"178","Rana draytonii","21._09B0111-13I0309_SDGE_RGP_Informal_s20130808_daz.pdf"
"179","Anaxyrus californicus","21._09B0111-13I0309_SDGE_RGP_Informal_s20130808_daz.pdf"
"180","Rana draytonii","21_Potrero_Hills_BO.pdf"
"181","Anaxyrus californicus","22._14B0141-14F0214_MCBCP_CERCLA_Well_Replacement_Project_Rip_BO_Cl_II_New_Alignment_s20140326_kag.pdf"
"182","Gopherus agassizii","3._08B0455-08F0501_ERIV_BO_-_Mesa_Turbine_Replacement_s04-09-09.pdf"
"183","Caretta caretta","41910-2007-F-0430_Biological_Opinion.pdf"
"184","Caretta caretta","41910-2009-F-0456_20091112_bo_FWS_COE_AnnaMarieIsland.pdf"
"185","Caretta caretta","41910-2009-I-0118_20090115_ltr_FWS_COE__AnnaMaria_PublicWorks.pdf"
"186","Caretta caretta","41910-2010-F-0161_20101104_bo_FWS_COE_SouthAmeliaIslandShorlineStab.pdf"
"187","Caretta caretta","41910-2011-F-0046_20110802_bo_FWS_COE_SoBrevard_Cty_Submerged_Sand_Bar_Nourishment-rvsd.pdf"
"188","Caretta caretta","41910-2011-F-0260_20110822_ltr_FWS_COE_AnnaMariaIsland_renourishment.pdf"
"189","Caretta caretta","41910-2011-I-0193_20111209_ltr_FWS_COE_Tampa_Harbor_Widening_rvsd.pdf"
"190","Gila elegans","65411-2008-F-0023_08_F_0023_20080225_NewfieldProdCoBO.pdf"
"191","Xyrauchen texanus","65411-2008-F-0023_08_F_0023_20080225_NewfieldProdCoBO.pdf"
"192","Gila elegans","65411-2008-F-0141_08_F_0141_20080925_BO.pdf"
"193","Xyrauchen texanus","65411-2008-F-0141_08_F_0141_20080925_BO.pdf"
"194","Gila elegans","65413-2009-F-0151.pdf"
"195","Xyrauchen texanus","65413-2009-F-0151.pdf"
"196","Gila elegans","65413-2011-I-0102.pdf"
"197","Xyrauchen texanus","65413-2011-I-0102.pdf"
"198","Gopherus agassizii","84320-2008-F-0004_Logandale_Trails_Integrated_Resource_and_Recreation_AMP.pdf"
"199","Gopherus agassizii","84320-2008-F-0004_Request_for_Consultation_Logandale_Trails_Integrated_Resource_and_Recreation_AMP.pdf"
"200","Gopherus agassizii","84320-2008-F-0066_-_84320-2010-F-0391.R_BLM_Reinitiation_of_Southwest_Intertie_Project_SWIP.pdf"
"201","Gopherus agassizii","84320-2008-F-0066_-_84320-2013-F-0138.R3_BLM_Southwest_Intertie_Project_SWIP.pdf"
"202","Gopherus agassizii","84320-2008-F-0066_Biological_Assessment_for_Southwest_Intertie_Project_SWIP.pdf"
"203","Gopherus agassizii","84320-2008-F-0066_BLM_Southwest_Intertie_Project_SWIP.pdf"
"204","Gopherus agassizii","84320-2008-F-0215_Reinitiation_of_SNWAs_TTF_Operations_Maintenance_and_Replacement.pdf"
"205","Gila elegans","84320-2008-F-0215_Request_for_Reinitiation_of_SNWAs_TTF_Operations_Maintenance_and_Replacement.pdf"
"206","Xyrauchen texanus","84320-2008-F-0215_Request_for_Reinitiation_of_SNWAs_TTF_Operations_Maintenance_and_Replacement.pdf"
"207","Gopherus agassizii","84320-2008-F-0215_Request_for_Reinitiation_of_SNWAs_TTF_Operations_Maintenance_and_Replacement.pdf"
"208","Gila elegans","84320-2008-F-0295_-_1-5-07-F-0433_Reinitiation_of_Systems_Conveyance_and_Operations_Program_SCOP.pdf"
"209","Xyrauchen texanus","84320-2008-F-0295_-_1-5-07-F-0433_Reinitiation_of_Systems_Conveyance_and_Operations_Program_SCOP.pdf"
"210","Gopherus agassizii","84320-2008-F-0295_-_1-5-07-F-0433_Reinitiation_of_Systems_Conveyance_and_Operations_Program_SCOP.pdf"
"211","Gopherus agassizii","84320-2008-F-0295_-_1-5-07-F-0433_Request_Reinitiation_of_Systems_Conveyance_and_Operations_Program_SCOP.pdf"
"212","Gila elegans","84320-2008-F-0295_Biological_Assessment_for_Reinitiation_of_Systems_Conveyance_and_Operations_Program_SCOP.pdf"
"213","Gopherus agassizii","84320-2008-F-0295_Biological_Assessment_for_Reinitiation_of_Systems_Conveyance_and_Operations_Program_SCOP.pdf"
"214","Xyrauchen texanus","84320-2008-F-0295_Reinitiation_of_Systems_Conveyance_and_Operations_Program_SCOP.pdf"
"215","Gopherus agassizii","84320-2008-F-0295_Reinitiation_of_Systems_Conveyance_and_Operations_Program_SCOP.pdf"
"216","Gopherus agassizii","84320-2011-F-0029_Amend_2_NTIA_Nevada_Hospital_Association_Fiber_Optic_Network.pdf"
"217","Gopherus agassizii","84320-2011-F-0029_Amend_3_NTIA_Nevada_Hospital_Association_Fiber_Optic_Network.pdf"
"218","Gopherus agassizii","84320-2011-F-0029_Amend_4_NTIA_Nevada_Hospital_Association_Fiber_Optic_Network.pdf"
"219","Gopherus agassizii","84320-2011-F-0029_Biological_Assessment_for_Consultation_NTIA_Nevada_Hospital_Association_Fiber_Optic_Network.pdf"
"220","Gopherus agassizii","84320-2011-F-0029_NTIA_Nevada_Hospital_Association_Fiber_Optic_Network.pdf"
"221","Xyrauchen texanus","84320-2011-F-0029_Request_5_to_Amend_NTIA_Nevada_Hospital_Association_Fiber_Optic_Network.pdf"
"222","Xyrauchen texanus","84320-2011-F-0397_Biological_Assessment_2_for_BLM_Mead_to_River_Road_69-kV_Line_Uprating_Clark_County_Nevada.pdf"
"223","Gopherus agassizii","84320-2011-F-0397_Biological_Assessment_2_for_BLM_Mead_to_River_Road_69-kV_Line_Uprating_Clark_County_Nevada.pdf"
"224","Gila elegans","84320-2011-F-0397_Biological_Assessment_for_BLM_Mead_to_River_Road_69-kV_Line_Uprating_Clark_County_Nevada.pdf"
"225","Xyrauchen texanus","84320-2011-F-0397_Biological_Assessment_for_BLM_Mead_to_River_Road_69-kV_Line_Uprating_Clark_County_Nevada.pdf"
"226","Gopherus agassizii","84320-2011-F-0397_Biological_Assessment_for_BLM_Mead_to_River_Road_69-kV_Line_Uprating_Clark_County_Nevada.pdf"
"227","Gopherus agassizii","84320-2011-F-0397_BLM_Mead_to_River_Road_69-kV_Line_Uprating_Clark_County_Nevada.pdf"
"228","Picoides borealis","ALPI_rangewide_cons_plan.pdf"
"229","Rana chiricahuensis","Appendix_C_FINAL_15Feb08.pdf"
"230","Chasmistes brevirostris","Appendix_C_FINAL_15Feb08.pdf"
"231","Deltistes luxatus","Appendix_C_FINAL_15Feb08.pdf"
"232","Lycaeides melissa samuelis","Appendix_C_FINAL_15Feb08.pdf"
"233","Gopherus agassizii","Appendix_C_FINAL_15Feb08.pdf"
"234","Caretta caretta","BOEM__amp__JDCOE_06373.pdf"
"235","Clemmys muhlenbergii","bog_turtle_action_plan.pdf"
"236","Clemmys muhlenbergii","Bog_turtle_BiOp_2010.pdf"
"237","Caretta caretta","Corps_Letter_and_BA_08_Sept_2005.pdf"
"238","Caretta caretta","Corps_to_Service_Letter_24_October_2008.pdf"
"239","Picoides borealis","Eglin_Interstitial_Areas_REA_20130814_BO.pdf"
"240","Caretta caretta","F10979-JDCOE_05350.pdf"
"241","Caretta caretta","F13981-JDCOE_04413.pdf"
"242","Caretta caretta","F1461-JDCOE_01804.pdf"
"243","Caretta caretta","F23547-JDCOE_03792.pdf"
"244","Caretta caretta","F28780-JDCOE_08929.pdf"
"245","Caretta caretta","F28963-JDCOE_06003.pdf"
"246","Caretta caretta","F29887-JDCOE_01810.pdf"
"247","Caretta caretta","F30026-JDCOE_00736.pdf"
"248","Caretta caretta","F30363-JDCOE_04280.pdf"
"249","Caretta caretta","F30968-JDCOE_07787.pdf"
"250","Caretta caretta","F32767-JDCOE_01059.pdf"
"251","Caretta caretta","F3650-SADCOE_08479.pdf"
"252","Caretta caretta","F3759-JDCOE_06577.pdf"
"253","Caretta caretta","F4924-JDCOE_02980.pdf"
"254","Caretta caretta","F5049-JDCOE_07190.pdf"
"255","Caretta caretta","F5469-JDCOE_07336.pdf"
"256","Caretta caretta","F6663-JDCOE_03530.pdf"
"257","Caretta caretta","F6990-JDCOE_05980_2.pdf"
"258","Gila elegans","FinalProgrammaticBO_BOR_ColoradoRiver.pdf"
"259","Xyrauchen texanus","FinalProgrammaticBO_BOR_ColoradoRiver.pdf"
"260","Myotis sodalis","Hogback_Tier_2.pdf"
"261","Caretta caretta","JDCOE_10716.pdf"
"262","Caretta caretta","JDCOE_10899.pdf"
"263","Caretta caretta","JDCOE_2755.pdf"
"264","Caretta caretta","JDCOE_3570.pdf"
"265","Caretta caretta","mefo_defenders_foia_5.19.15.pdf"
"266","Caretta caretta","Palm_Beach_Harbor_O_M_SN_13258_BO_revised_13_Dec_2005.pdf"
"267","Rana draytonii","Partners_Programmatic_FINAL_BO_04-27-10.pdf"
"268","Strix occidentalis caurina","RBFWO_-_FY10_Section_7_Appending_Doc..pdf"
"269","Rana chiricahuensis","Retardant_BO_FINAL_15Feb08_3.pdf"
"270","Picoides borealis","Retardant_BO_FINAL_15Feb08_3.pdf"
"271","Strix occidentalis caurina","Retardant_BO_FINAL_15Feb08_3.pdf"
"272","Eucyclogobius newberryi","Retardant_BO_FINAL_15Feb08_3.pdf"
"273","Gila elegans","Retardant_BO_FINAL_15Feb08_3.pdf"
"274","Xyrauchen texanus","Retardant_BO_FINAL_15Feb08_3.pdf"
"275","Oncorhynchus gilae","Retardant_BO_FINAL_15Feb08_3.pdf"
"276","Salvelinus confluentus","Retardant_BO_FINAL_15Feb08_3.pdf"
"277","Chasmistes brevirostris","Retardant_BO_FINAL_15Feb08_3.pdf"
"278","Deltistes luxatus","Retardant_BO_FINAL_15Feb08_3.pdf"
"279","Salmo salar","Retardant_BO_FINAL_15Feb08_3.pdf"
"280","Lycaeides melissa samuelis","Retardant_BO_FINAL_15Feb08_3.pdf"
"281","Fritillaria gentneri","Retardant_BO_FINAL_15Feb08_3.pdf"
"282","Cynomys parvidens","Retardant_BO_FINAL_15Feb08_3.pdf"
"283","Myotis sodalis","Retardant_BO_FINAL_15Feb08_3.pdf"
"284","Zapus hudsonius preblei","Retardant_BO_FINAL_15Feb08_3.pdf"
"285","Plagiobothrys hirtus","Retardant_BO_FINAL_15Feb08_3.pdf"
"286","Gopherus agassizii","Retardant_BO_FINAL_15Feb08_3.pdf"
"287","Rana chiricahuensis","spp_eval_pages_2008_FireRetardantProgrammatic.pdf"
"288","Picoides borealis","spp_eval_pages_2008_FireRetardantProgrammatic.pdf"
"289","Strix occidentalis caurina","spp_eval_pages_2008_FireRetardantProgrammatic.pdf"
"290","Eucyclogobius newberryi","spp_eval_pages_2008_FireRetardantProgrammatic.pdf"
"291","Gila elegans","spp_eval_pages_2008_FireRetardantProgrammatic.pdf"
"292","Xyrauchen texanus","spp_eval_pages_2008_FireRetardantProgrammatic.pdf"
"293","Oncorhynchus gilae","spp_eval_pages_2008_FireRetardantProgrammatic.pdf"
"294","Salvelinus confluentus","spp_eval_pages_2008_FireRetardantProgrammatic.pdf"
"295","Chasmistes brevirostris","spp_eval_pages_2008_FireRetardantProgrammatic.pdf"
"296","Deltistes luxatus","spp_eval_pages_2008_FireRetardantProgrammatic.pdf"
"297","Lycaeides melissa samuelis","spp_eval_pages_2008_FireRetardantProgrammatic.pdf"
"298","Fritillaria gentneri","spp_eval_pages_2008_FireRetardantProgrammatic.pdf"
"299","Cynomys parvidens","spp_eval_pages_2008_FireRetardantProgrammatic.pdf"
"300","Myotis sodalis","spp_eval_pages_2008_FireRetardantProgrammatic.pdf"
"301","Zapus hudsonius preblei","spp_eval_pages_2008_FireRetardantProgrammatic.pdf"
"302","Plagiobothrys hirtus","spp_eval_pages_2008_FireRetardantProgrammatic.pdf"
"303","Gopherus agassizii","spp_eval_pages_2008_FireRetardantProgrammatic.pdf"
"304","Eucyclogobius newberryi","SWFL_BA_reinitiation_2015.pdf"
"305","Gila elegans","SWFL_BA_reinitiation_2015.pdf"
"306","Xyrauchen texanus","SWFL_BA_reinitiation_2015.pdf"
"307","Oncorhynchus gilae","SWFL_BA_reinitiation_2015.pdf"
"308","Gopherus agassizii","SWFL_BA_reinitiation_2015.pdf"
"309","Eucyclogobius newberryi","SWFL_BiOp_2012.pdf"
"310","Xyrauchen texanus","SWFL_BiOp_2012.pdf"
"311","Oncorhynchus gilae","SWFL_BiOp_2012.pdf"
"312","Anaxyrus californicus","SWFL_BiOp_2015.pdf"
"313","Rana chiricahuensis","SWFL_BiOp_2015.pdf"
"314","Eucyclogobius newberryi","SWFL_BiOp_2015.pdf"
"315","Gila elegans","SWFL_BiOp_2015.pdf"
"316","Xyrauchen texanus","SWFL_BiOp_2015.pdf"
"317","Oncorhynchus gilae","SWFL_BiOp_2015.pdf"
"318","Gopherus agassizii","SWFL_BiOp_2015.pdf"
"319","Rana chiricahuensis","SWWF_recovery_plan_2002.pdf"
"320","Gila elegans","SWWF_recovery_plan_2002.pdf"
"321","Xyrauchen texanus","SWWF_recovery_plan_2002.pdf"
"322","Gila elegans","WYES-61411-2008-F-0247.pdf"
"323","Xyrauchen texanus","WYES-61411-2008-F-0247.pdf"
"324","Gila elegans","WYES-61411-2008-F-0364.pdf"
"325","Gila elegans","WYES-61411-2010-F-0302.pdf"
"326","Xyrauchen texanus","WYES-61411-2010-F-0302.pdf"
"327","Myotis sodalis","#0154_15-F-0633_Broad_Run_BO.pdf"
"328","Salvelinus confluentus","01EIFW00-2014-F-0031.pdf"
"329","Salvelinus confluentus","01EIFW00-2014-F-0238.pdf"
"330","Salvelinus confluentus","01EIFW00-2014-F-0560.pdf"
"331","Salvelinus confluentus","01EIFW00-2014-F-0616.pdf"
"332","Caretta caretta","04EA1000-2014-F-0500_ocr.pdf"
"333","Caretta caretta","04EC1000-2013-F-0325_ocr.pdf"
"334","Picoides borealis","04EF2000-2012-F-0324.pdf"
"335","Picoides borealis","04EG1000-2014-F-1128.pdf"
"336","Myotis sodalis","04EG1000-2015-F-1387.pdf"
"337","Picoides borealis","04EG1000-2015-F-1526.pdf"
"338","Myotis sodalis","04EK1000-2014-F-0710.pdf"
"339","Myotis sodalis","04EK1000-2014-F-0755.pdf"
"340","Picoides borealis","04EM1000-2013-F-0466_ocr.pdf"
"341","Caretta caretta","04EM1000-2013-F-0466_ocr.pdf"
"342","Gopherus agassizii","04EM1000-2013-F-0466_ocr.pdf"
"343","Gopherus agassizii","04EM1000-2014-F-0669.pdf"
"344","Caretta caretta","04EN2000-2014-F-0204.pdf"
"345","Myotis sodalis","04ET1000-2013-F-0090.pdf"
"346","Myotis sodalis","04ET1000-2013-F-0540.pdf"
"347","Rana draytonii","05B0017_05F0009_R003_Forest_Plan_DSEIS_s20131114_kag.pdf"
"348","Anaxyrus californicus","05B0017_05F0009_R003_Forest_Plan_DSEIS_s20131114_kag.pdf"
"349","Gila elegans","07M-CS-2014-F-0261_WSFR_2014_BO_signed-Outgoing.pdf"
"350","Xyrauchen texanus","07M-CS-2014-F-0261_WSFR_2014_BO_signed-Outgoing.pdf"
"351","Myotis sodalis","08-284_B-3868_Macon_Co._Br._172_McCoy_Bridge_Little_Tennessee.pdf"
"352","Clemmys muhlenbergii","08-284_B-3868_Macon_Co._Br._172_McCoy_Bridge_Little_Tennessee.pdf"
"353","Anaxyrus californicus","08B0136-11FE0361_SDG_SR-76_Melrose_to_Mission_Emergency_Debris_Removal_s20140611_kag.pdf"
"354","Anaxyrus californicus","08B0136-12F0124_SDG_SR76_Melrose_Mission_Hwy_Improve_County_Trails_Reinitiation_s20140312_ds.pdf"
"355","Eucyclogobius newberryi","08B0311-14F0231_SDG_Eastbrook_to_Shell_Double_Track_Project_PBO_Amend_s20140912_kag.pdf"
"356","Chasmistes brevirostris","08EKLA00-2013-F-0043_PacifiCorp_HCP_BiOp_12-13-2013.pdf"
"357","Deltistes luxatus","08EKLA00-2013-F-0043_PacifiCorp_HCP_BiOp_12-13-2013.pdf"
"358","Strix occidentalis caurina","09B0010-14F0014-R001_MNF_Smokey_Fuels_Treatment_BO.pdf"
"359","Strix occidentalis caurina","09B0010-15F0145_Mendocino_NF_Smokey_re-BO.pdf"
"360","Gopherus agassizii","09B0186-10F0880-R002_ERIV_BO_Bylthe_Solar_Power_Project_s20141211_kc.pdf"
"361","Eucyclogobius newberryi","09B0226-09F0650-R001_MCBCP_Sierra_TA_-_San_Mateo_Xing_and_Assembly_Area_Reinit_s20140109_jds.pdf"
"362","Anaxyrus californicus","10B0070-15F0232-Pauma_Estates_low-effect_HCP_BO_final_s20150407_kag.pdf"
"363","Rana draytonii","10B0117-10F0215-R005_LA_TRTP_s20140331_jds.pdf"
"364","Anaxyrus californicus","10B0117-10F0215-R005_LA_TRTP_s20140331_jds.pdf"
"365","Gopherus agassizii","10B0117-10F0215-R005_LA_TRTP_s20140331_jds.pdf"
"366","Rana draytonii","10B0117-10F0215-R006_LA_TRTP_s20140620_kag.pdf"
"367","Anaxyrus californicus","10B0117-10F0215-R006_LA_TRTP_s20140620_kag.pdf"
"368","Rana draytonii","10B0117-10F0215-R007_LA_TRTP_s20141030_jds.pdf"
"369","Anaxyrus californicus","10B0117-10F0215-R007_LA_TRTP_s20141030_jds.pdf"
"370","Gopherus agassizii","10B0117-10F0215-R007_LA_TRTP_s20141030_jds.pdf"
"371","Anaxyrus californicus","10B0580-12F0560_MCBCP_Range_208C_BMPs_Project_s20140917_kag.pdf"
"372","Anaxyrus californicus","11B0223-11FE0362_OR__SR-74_Storm_Damage_Emergency_2010-2011_s20140325_kag.pdf"
"373","Anaxyrus californicus","11B0346-112F0453-R001_SDG_De_Luz_Road_Bridge_1st_Amend_s20141112_ds.pdf"
"374","Anaxyrus californicus","11B0346-12F0453-R001_SDG_De_Luz_Road_Bridge_1st_Amend_s20141112_ds.pdf"
"375","Rana draytonii","12B0008-12F0260_BLM-Stornetta_IMP_BO_gaf.pdf"
"376","Eucyclogobius newberryi","12B0008-12F0260_BLM-Stornetta_IMP_BO_gaf.pdf"
"377","Rana draytonii","12B0008-13F0196_BO_Amendment_BLM_Stornetta_IMP_gaf.pdf"
"378","Eucyclogobius newberryi","12B0042-12F0058-R004_MCBCP_BWI_P1044_CERS_2_s20150507_kag.pdf"
"379","Gopherus agassizii","12B0203-14F0423_SB-KRN_Caltrans_Hwy_58_Kramer_Junction_Expressway_BO_s20140630_kac.pdf"
"380","Myotis sodalis","#139.pdf"
"381","Strix occidentalis caurina","13B0041-13F0052_State_Route_36_Improvement_Project_BO.pdf"
"382","Rana draytonii","13B0089_13F0283_R001_ANF_BO_Amend_s20140915_kag.pdf"
"383","Anaxyrus californicus","13B0089_13F0283_R001_ANF_BO_Amend_s20140915_kag.pdf"
"384","Anaxyrus californicus","13B0089-13F0283_R-002_[LA]_ANF_BO_Reinitiation_s20150420_kag.pdf"
"385","Rana draytonii","13B0103-13F0184_Manchester_Point_Arena_Rancheria_Housing_BO.pdf"
"386","Strix occidentalis caurina","13B0107-15F0008_Kelsey_Peak_BO_NewNSO_Reinitiation.pdf"
"387","Gopherus agassizii","13B0314-15F0246_ERIV_CVMSHCP_Major_Amendment_BO_s20150803_kac.pdf"
"388","Anaxyrus californicus","13B0451-14F0457_SB_Miller_Canyon_OHV_Staging_Area_BO_s20140815_kc.pdf"
"389","Gopherus agassizii","13B0466-13F0489_SB_BO_BLM_Interstate_15_and_40_fences_s20150213_gms.pdf"
"390","Gila elegans","13_F_0104_20140327_NewfieldEDA_BO.pdf"
"391","Xyrauchen texanus","13_F_0104_20140327_NewfieldEDA_BO.pdf"
"392","Gila elegans","13_F_0104_R001_20140414_NewfieldEDA_BO_Reinitiation.pdf"
"393","Gila elegans","13_F-0158_20140402_L_QEP_WonsitValley_GypsumHills_GlenBenchNGDevelopmentProject_PA.pdf"
"394","Gila elegans","13_F_0198_20140114_Finley_Leland_Bench_FINAL_BO.pdf"
"395","Myotis sodalis","13_IA_LaFargeQuarry_4Dec.pdf"
"396","Lycaeides melissa samuelis","13_OH_PhillipsWillysInterchange_PID94267_24Dec.pdf"
"397","Myotis sodalis","13_OH_UndergroundWaterPipeline_16Dec.pdf"
"398","Cynomys parvidens","14_0051_20140624_BO_BryceCanyonTransportationPlan_FINAl.pdf"
"399","Anaxyrus californicus","14B0005_14F0006_OR_San_Juan_Dams_s20140109_sas.pdf"
"400","Strix occidentalis caurina","14B0031-14F0050_RNSP_Elam_Loop_Bridge_Demolition_Trail_Reroute_BO_MAMU_wrm.pdf"
"401","Strix occidentalis caurina","14B0041140046_Yurok_Essenpries-Angell_Timber_Sale_BO.pdf"
"402","Rana draytonii","14B0051-14F0118_CalTrans_BO_Eureka_Hill_Bridge_Retrofit.pdf"
"403","Picoides borealis","14B0051-14F0118_CalTrans_BO_Eureka_Hill_Bridge_Retrofit.pdf"
"404","Strix occidentalis caurina","14B0051-14F0118_CalTrans_BO_Eureka_Hill_Bridge_Retrofit.pdf"
"405","Eucyclogobius newberryi","14B0058-14F0151_BO_Martin_Slough_Tidegate_Replacement_Project_TWG.SHK.pdf"
"406","Anaxyrus californicus","14B0133-15F0065_SDG_Hanson_El_Monte_Recharge_and_Restoration_BO_s20150909_gms.pdf"
"407","Anaxyrus californicus","14B0141-14F0214_MCBCP_CERCLA_Well_Replacement_Project_Rip_BO_Cl_II_New_Alignment_s20140326_kag.pdf"
"408","Anaxyrus californicus","14B0165_14F0258_CNF_Final_Grazing_BO_s20141105_kag.pdf"
"409","Gopherus agassizii","14B0363-14F0495_SB_Operations_and_Activities_at_Fort_Irwin_DT_BO_s20140808_gMs.pdf"
"410","Gopherus agassizii","14B0392-14F0617_KRN_Cinco_solar_s20150211_gms.pdf"
"411","Gila elegans","14_F_0007_20131112_L_BO_NRCSDuchesneCountyEWPStructureRepairProject.pdf"
"412","Xyrauchen texanus","14_F_0007_20131112_L_BO_NRCSDuchesneCountyEWPStructureRepairProject.pdf"
"413","Salvelinus confluentus","14_F_0008_US-95RaceCreekBridgeReplacement.pdf"
"414","Xyrauchen texanus","14_F_0039_20140203_L_FINAL_BO_Sand_Island.pdf"
"415","Gila elegans","14_F_0053_20140623_L_Final_BO_Integrated_Pest_Management_Plan.pdf"
"416","Xyrauchen texanus","14_F_0053_20140623_L_Final_BO_Integrated_Pest_Management_Plan.pdf"
"417","Gopherus agassizii","14_F_0062_20140227_L_BLM_True_Grit_Cactus_hugger_races_Green_Valley_gap_area_final_LRNLB.pdf"
"418","Myotis sodalis","14-F-0181_Signed_City_of_Waverly_TVA_BO.pdf"
"419","Salvelinus confluentus","14_F_0193_WildlifeServicesBOfor_State_of_Idahio.pdf"
"420","Gila elegans","14_F_0204_20140925_L_Swayze_Boat_Ramp_FINAL_BO_20140923.pdf"
"421","Xyrauchen texanus","14_F_0204_20140925_L_Swayze_Boat_Ramp_FINAL_BO_20140923.pdf"
"422","Gila elegans","14_F_0218_20140813_L_BO_SanRafaelRiverRestorationProject.pdf"
"423","Xyrauchen texanus","14_F_0218_20140813_L_BO_SanRafaelRiverRestorationProject.pdf"
"424","Salvelinus confluentus","14-F-0223_Idaho_Toxics_BO.pdf"
"425","Salvelinus confluentus","14_F_0246_LostCtreekBouolderCreekRestortionProject.pdf"
"426","Salvelinus confluentus","14_F_0336_PoleCreekDiversionAuthorizationBO.pdf"
"427","Salvelinus confluentus","14_F-0397_Final_BO_Grandview_Bridge.pdf"
"428","Salvelinus confluentus","14_F_0454_PoleCreekBridgeProject.pdf"
"429","Salvelinus confluentus","14_F_0456_IdahoHabitatRestorationProgrammaticBO.pdf"
"430","Salmo salar","14_F_0456_IdahoHabitatRestorationProgrammaticBO.pdf"
"431","Salvelinus confluentus","14_F_0457_SouthForkSalmnRiverFacilityIntakeDredge.pdf"
"432","Salvelinus confluentus","14_F_0489_BO_East_Fork_University_Riverbank_Stabilization_Project_BO.pdf"
"433","Salvelinus confluentus","14_F_0542_Anderson_Ranch_Dam_Maintenance.pdf"
"434","Salvelinus confluentus","14_F_0632_UPH_bank_stabilization_BO.pdf"
"435","Salvelinus confluentus","14_F_0650_ScottAllanRiverbankProtectionProject.pdf"
"436","Salvelinus confluentus","14_F_0687_SCNF_CamasCreekAllotment.pdf"
"437","Salmo salar","14_F_0687_SCNF_CamasCreekAllotment.pdf"
"438","Myotis sodalis","14_IL_DogtoothBendPhase5_16Jan.pdf"
"439","Myotis sodalis","14_IL_FieldTestingBishopHillWind_15Aug.pdf"
"440","Myotis sodalis","14_IL_PeabodyCoultervilleMining_19Sep.pdf"
"441","Myotis sodalis","14_IN_FowlerRidgeWindFarm_7Mar.pdf"
"442","Myotis sodalis","14_MO_WSFR-MDCProjectsAugust2014.pdf"
"443","Myotis sodalis","14_OH_HazardousRockFalls_PID94598_5Feb.pdf"
"444","Myotis sodalis","14_OH_KibbyStreet_PID90217_23Jan.pdf"
"445","Myotis sodalis","14_OH_SR523ResurfaceDitchRelocate_PID84079_28Jan.pdf"
"446","Myotis sodalis","14_OH_WestMiltonDamRemoval_13Aug.pdf"
"447","Eucyclogobius newberryi","15B0056-15F0148_Pine_Hill_at_Swain_Slough_Bridge_Replacement_Project_BO_GSchmidt.pdf"
"448","Eucyclogobius newberryi","15B0075-15F0204_BO_LOP_2015_Gravel_Mining_in_Humboldt_County.pdf"
"449","Gopherus agassizii","15B0102_15F0159_BLM_Biological_Opinion_for_Lynx_Cat_Mine_s20150619_gms.pdf"
"450","Anaxyrus californicus","15B0137-15F0303-Rincon_Gaming_Facility_Trail_BO_Reinitiation_s20150612_kag.pdf"
"451","Gopherus agassizii","15B0224-15F0103_SB_Iron_Age_Mine_BLM_BO_s20150716_gms.pdf"
"452","Gopherus agassizii","15B0236-15F0464_SB_Blind_Hills_Com_Site_BO_s20150930_sas.pdf"
"453","Gopherus agassizii","15B0239-15F0541_IMP_Proposed_Target_Complex_Invader_Amend_to_BO_s20150914_kac.pdf"
"454","Gila elegans","15-F-0010.pdf"
"455","Xyrauchen texanus","15-F-0010.pdf"
"456","Salvelinus confluentus","15_F_0082_SouthForkBoiseRiverDebrisFlowMitigationRoadRepairBO.pdf"
"457","Salvelinus confluentus","15_F_0101_SalmonRiverDredgingSawtoothFishHatcheryWaterSupplyIntakeBO.pdf"
"458","Salvelinus confluentus","15_F_0194_PineRoadBridgeReplacement.pdf"
"459","Salmo salar","15_F_0194_PineRoadBridgeReplacement.pdf"
"460","Salvelinus confluentus","15_F_0382_LittleSalmonRiverBridgeBO.pdf"
"461","Salvelinus confluentus","15_F_0545_JarbidgeRMP_BO.pdf"
"462","Salvelinus confluentus","15_FE_0038SawtoothHatcheryWaterIntakeEmergencyDredgeBO.pdf"
"463","Salvelinus confluentus","15_FE_0288_MonarchMillRiversideCampgroundBO.pdf"
"464","Salvelinus confluentus","15_FE_0304_MiddleForkBoiseRiverRoadEmergencyBO.pdf"
"465","Rana draytonii","2009-F-0334.pdf"
"466","Rana draytonii","2009-F-1156-3_Delta-Mendota_Canal_Aqueduct_Project.pdf"
"467","Manduca blackburni","2010-F-0040-R001.pdf"
"468","Strix occidentalis caurina","2010-F-0160_BO.pdf"
"469","Salvelinus confluentus","2010-F-0160_BO.pdf"
"470","Salvelinus confluentus","2011-F-0004_BO.pdf"
"471","Salvelinus confluentus","2011-F-0063-R004.pdf"
"472","Rana draytonii","2011-F-0816_BO_Bridge_37C0574_Stevens_Canyon_Road.pdf"
"473","Rana draytonii","2011-F-0817_BO_Bridge_37C0575_Stevens_Canyon_Road.pdf"
"474","Salvelinus confluentus","2012-F-0082_BO.pdf"
"475","Rana draytonii","2012-F-0292_Tunitas_Lobitos_Midcoast.pdf"
"476","Salvelinus confluentus","2012-F-0347_BO.pdf"
"477","Salvelinus confluentus","2012-F-0434_BO.pdf"
"478","Anaxyrus californicus","2012-F-0682_BLM_Bakersfield_RMP.pdf"
"479","Caretta caretta","2013-0407_Tybee_Island_Beach_Renourishment_Biological_Opinion.pdf"
"480","Salvelinus confluentus","2013_11_27_BO_Bush_Tillinger_2011_MDT_Emergency_Flood_Repair.pdf"
"481","Caretta caretta","20131211_bo_FWS_Corps_final_Coquina_Beach_mod.pdf"
"482","Caretta caretta","20131220_final_bo_signed_FWS_COE_2013_F_0415_Hilton_Head_Ocean_Point.pdf"
"483","Myotis sodalis","2013-B-0042_Biological_Opinion.pdf"
"484","Zapus hudsonius preblei","2013-F-0012_BO_028_Western_104.pdf"
"485","Salvelinus confluentus","2013-F-0109_BO.pdf"
"486","Salmo salar","2013-F-0109_BO.pdf"
"487","Salvelinus confluentus","2013-F-0174_BO.pdf"
"488","Salvelinus confluentus","2013-F-0262_BO.pdf"
"489","Salvelinus confluentus","2013-F-0272_BO.pdf"
"490","Masticophis lateralis euryxanthus","2013-F-0362-1_Interstate_680__Freeway.pdf"
"491","Picoides borealis","2013-F-0436_BO.pdf"
"492","Strix occidentalis caurina","2013-F-0436_BO.pdf"
"493","Salvelinus confluentus","2013-F-0436_BO.pdf"
"494","Salmo salar","2013-F-0436_BO.pdf"
"495","Rana draytonii","2013-F-0577-2_State_Route_116_Project.pdf"
"496","Rana draytonii","2013-F-0626-1_Interstate_580_North_Flynn_Road_Slipout_Project.pdf"
"497","Picoides borealis","20140122_Biological_Opinion_Johnston_County_Bridge_No._236.pdf"
"498","Caretta caretta","20140131_final_bo_COE_FWS_Edisto_Beach_2013_F_0451.pdf"
"499","Zapus hudsonius preblei","20140210_USFWS_BO_06E24000_2014_F_1034.pdf"
"500","Salvelinus confluentus","2014_02_19___BO_Bush__Wilder__Rattlesnake_Creek_Rec_Developement_BT_BCH.pdf"
"501","Salvelinus confluentus","2014_02_19_BO_Thompson_River_East_Bridge_and_Approaches_BT_BTCH.pdf"
"502","Salvelinus confluentus","2014_03_17_BO_Bush_Johnson__Flower_Creek_Dam_Replacement_Project_BT.pdf"
"503","Picoides borealis","20140401_Biological_Opinion_NC_12_Emergency_Beach_Nourishment_b.pdf"
"504","Caretta caretta","20140401_Biological_Opinion_NC_12_Emergency_Beach_Nourishment_b.pdf"
"505","Caretta caretta","20140404_BO_FWS_COE-Shirey_Folly_Beach_Coastal_Storm_Damage_Reduction_Opinion.pdf"
"506","Picoides borealis","2014-04-07_Gopher_Tortoise_BO_final_signed.pdf"
"507","Salvelinus confluentus","2014_04_28_BO_Bush_Garcia_Cedar_Thom_Biop_B_BCH.pdf"
"508","Caretta caretta","20140516PCBnourish_FWS_to_CorpsFinalBO_ocr.pdf"
"509","Picoides borealis","20140519_red_wolf_BO_R-2544_R-2545.pdf"
"510","Caretta caretta","20140520_letter_Service_to_Corps_CPA0127_Younessi.pdf"
"511","Caretta caretta","20140530_ltr_FWS_Flager_Hurric-Storm_Reduct_ProgMat.pdf"
"512","Caretta caretta","20140626_BO_TCRA_for_PAOC_jz_mtr_ocr.pdf"
"513","Salvelinus confluentus","2014_07_03_BO_Bush_Coleman_Warm_Springs_B_BCH.pdf"
"514","Salvelinus confluentus","2014_07_03_Cover_LRT_Bush__Coleman_Warm_Springs_Remedial_Action_docx.pdf"
"515","Salvelinus confluentus","2014_07_22_BO_Bush_Hasselbach_Cabinet_Gorge_Bridge_Replacement_B_BTCH.pdf"
"516","Caretta caretta","20140723_letter_Service_to_USACE_NC_12_Beach_Nourishment_Reinitiation_Response.pdf"
"517","Gopherus agassizii","20140723_memo_SFESO_to_RO_KPPAP_Fire_BO_SWG.pdf"
"518","Myotis sodalis","20140829140529553_ocr.pdf"
"519","Chasmistes brevirostris","2014_08EKLA00-2013-F-0023_BLM_Grazing_Program.pdf"
"520","Strix occidentalis caurina","2014_08EKLA00_2013_F_0045_Lava_Biological_Opinion.pdf"
"521","Salvelinus confluentus","2014_09_02_BO_Bush_Jones_Travelers_Home_Road_Culverts_Replacement_Project_B_BTCH.pdf"
"522","Xyrauchen texanus","20141009_USFWS_BO_06E24000_2015_F_0006.pdf"
"523","Zapus hudsonius preblei","20141112_USFWS_BO_06E24000_2015_F_0012.pdf"
"524","Salvelinus confluentus","20141113_BO_re_Lower_Snake_River_Navigation_Channel_Maintencance.pdf"
"525","Salvelinus confluentus","20141113_BO_re_Programmatic_Sediment_Management_Plan.pdf"
"526","Caretta caretta","20141113_FINAL_bo_FWS_COE_2013_F_0326_Kiawah_Island.pdf"
"527","Zapus hudsonius preblei","20141118_USFWS_BO_06E24000_2014_F_0592.pdf"
"528","Caretta caretta","20141125_NTB_Sandbag_revetment_BO_FINAL.pdf"
"529","Myotis sodalis","20141125_TVASelmerWestAdamsvilleLineTieringBO_15-F-0150.pdf"
"530","Strix occidentalis caurina","20141202_BO_re_Dan_Billmeyer_Bulkhead_Replacement.pdf"
"531","Salvelinus confluentus","20141202_BO_re_Dan_Billmeyer_Bulkhead_Replacement.pdf"
"532","Picoides borealis","20141209_BO_re_Upper_Hoh_Road_Culvert_Replacement_Projects.pdf"
"533","Strix occidentalis caurina","20141209_BO_re_Upper_Hoh_Road_Culvert_Replacement_Projects.pdf"
"534","Caretta caretta","20141210_Letter_Service_to_Corps_Midtown_Reach_3and4_Sand_Placement_and_Groin_Construction_2014-CPA-0023.pdf"
"535","Strix occidentalis caurina","20141212_BO_re_Twentyeight_Mile_Creek_Acclimation_Pond.pdf"
"536","Salvelinus confluentus","20141212_BO_re_Twentyeight_Mile_Creek_Acclimation_Pond.pdf"
"537","Zapus hudsonius preblei","20141218_USFWS_BO_06E24000_2015_F_0058.pdf"
"538","Salvelinus confluentus","2014_3_31_FINAL_Montanore_Aquatic_BO_With_Appendices.pdf"
"539","Strix occidentalis caurina","2014-F-0005.pdf"
"540","Strix occidentalis caurina","2014-F-0020.pdf"
"541","Salvelinus confluentus","2014-F-0030.pdf"
"542","Strix occidentalis caurina","2014-F-0032.pdf"
"543","Strix occidentalis caurina","2014-F-0033.pdf"
"544","Salvelinus confluentus","2014-F-0044.pdf"
"545","Strix occidentalis caurina","2014-F-0053.pdf"
"546","Strix occidentalis caurina","2014-F-0061_BO.pdf"
"547","Rana chiricahuensis","2014-F-0082.pdf"
"548","Salvelinus confluentus","2014-F-0112.pdf"
"549","Zapus hudsonius preblei","2014-F-0119_TriView_BO.pdf"
"550","Salvelinus confluentus","2014-F-0129__BO.pdf"
"551","Strix occidentalis caurina","2014-F-0131.pdf"
"552","Fritillaria gentneri","2014-F-0131.pdf"
"553","Lycaeides melissa samuelis","2014-F-0139.pdf"
"554","Rana draytonii","2014-F-0154.pdf"
"555","Rana draytonii","2014-F-0155.pdf"
"556","Rana chiricahuensis","2014-F-0155.pdf"
"557","Euphilotes battoides allyni","2014-F-0155.pdf"
"558","Salvelinus confluentus","2014-F-0156.pdf"
"559","Strix occidentalis caurina","2014-F-0161.pdf"
"560","Strix occidentalis caurina","2014-F-0163.pdf"
"561","Salvelinus confluentus","2014-F-0182.pdf"
"562","Salvelinus confluentus","2014-F-0183_BO.pdf"
"563","Strix occidentalis caurina","2014-F-0194.pdf"
"564","Strix occidentalis caurina","2014-F-0197.pdf"
"565","Plagiobothrys hirtus","2014-F-0197.pdf"
"566","Strix occidentalis caurina","2014-F-0204.pdf"
"567","Picoides borealis","2014-F-0207_BO.pdf"
"568","Lycaeides melissa samuelis","2014-F-0209_BO.pdf"
"569","Strix occidentalis caurina","2014-F-0209.pdf"
"570","Strix occidentalis caurina","2014-F-0221.pdf"
"571","Strix occidentalis caurina","2014-F-0253.pdf"
"572","Lycaeides melissa samuelis","2014-F-0258.pdf"
"573","Picoides borealis","2014-F-0271_BO_for_Eraditcation_of_Sheep_Cattle_Goats_Palila_Critical_Habitat.pdf"
"574","Salvelinus confluentus","2014-F-0292_BO.pdf"
"575","Rana draytonii","2014-F-0297.pdf"
"576","Strix occidentalis caurina","2014-F-0345_BO.pdf"
"577","Salvelinus confluentus","2014-F-0345_BO.pdf"
"578","Rana draytonii","2014-F-0382.pdf"
"579","Rana draytonii","2014-F-0482.pdf"
"580","Rana draytonii","2014-F-0487.pdf"
"581","Anaxyrus californicus","2014-F-0500.pdf"
"582","Rana draytonii","2014-F-0503.pdf"
"583","Rana draytonii","2014-F-0557.pdf"
"584","Gila elegans","20150121_USFWS_BO_06E24000_2015_F_0054.pdf"
"585","Salvelinus confluentus","20150123_BO_06E11000-2015-F-0057_Lolo_NF.pdf"
"586","Salvelinus confluentus","20150126_BO_06E11000-2015-F-100_Bob_Marshall_Wilderness.pdf"
"587","Myotis sodalis","20150203150338535.pdf"
"588","Caretta caretta","20150207_2015-F-0142_Eastern_Channel_Final_BO_20150207.pdf"
"589","Gila elegans","20150218_USFWS_BO_06E24000_2015_F_0053.pdf"
"590","Xyrauchen texanus","20150218_USFWS_BO_06E24000_2015_F_0053.pdf"
"591","Gila elegans","20150309_USFWS_BO_06E24000_2015_F_0009.pdf"
"592","Xyrauchen texanus","20150309_USFWS_BO_06E24000_2015_F_0009.pdf"
"593","Xyrauchen texanus","20150313_USFWS_BO_06E24000_2015_F_0089.pdf"
"594","Zapus hudsonius preblei","20150316_USFWS_BO_06E24000_2015_F_0411.pdf"
"595","Salvelinus confluentus","20150318_BO_re_Mud_Mountain_Dam.pdf"
"596","Caretta caretta","20150318_CALO_ORV_BO_Final.pdf"
"597","Salvelinus confluentus","20150319_BO_re_Chester_Morse_Lake_Outlet_Channel_Dredging.pdf"
"598","Salmo salar","20150319_BO_re_Chester_Morse_Lake_Outlet_Channel_Dredging.pdf"
"599","Myotis sodalis","20150325_NLEB_programmatic_conference_opinion_final.pdf"
"600","Zapus hudsonius preblei","20150330_USFWS_BO_06E24000_2015_F_0327.pdf"
"601","Zapus hudsonius preblei","20150401_USFWS_BO_06E24000_2015_F_0020.pdf"
"602","Salvelinus confluentus","20150403_BO_re_Port_of_Port_Angeles_Programmatic_Piling_Replacement.pdf"
"603","Strix occidentalis caurina","20150406_BO_re_FEMA_Carbon_Puyallup_and_White_Rivers.pdf"
"604","Salvelinus confluentus","20150406_BO_re_FEMA_Carbon_Puyallup_and_White_Rivers.pdf"
"605","Gila elegans","20150407_USFWS_BOr_06E24000_2015_F_0093.pdf"
"606","Xyrauchen texanus","20150407_USFWS_BOr_06E24000_2015_F_0093.pdf"
"607","Salvelinus confluentus","20150415_BO_06E11000-2015F-0063_Northern_Region.pdf"
"608","Myotis sodalis","20150421_KY_CMOA_BO_RLH_Signed_for_ARD.pdf"
"609","Zapus hudsonius preblei","20150421_USFWS_BO_06E24000_2014_F_0855.pdf"
"610","Caretta caretta","20150427_Eastern_Channel_BO_Amendment_Final.pdf"
"611","Caretta caretta","20150427_NTB_Phase_5_Beach_Nourishment_Extension_BO_FINAL_signed.pdf"
"612","Gila elegans","20150427_USFWS_BO_06E24000_2015_F_0003.pdf"
"613","Xyrauchen texanus","20150427_USFWS_BO_06E24000_2015_F_0003.pdf"
"614","Caretta caretta","20150429_Eastern_Channel_BO_Amendment_for_Golob.pdf"
"615","Xyrauchen texanus","20150430_USFWS_BO_06E24000_2015_F_0122.pdf"
"616","Salvelinus confluentus","20150521_BO_re_Invasive_Plant_Treatment_Project.pdf"
"617","Caretta caretta","20150521_Mason_Inlet_BO_Final.pdf"
"618","Salvelinus confluentus","2015_05_29_LOC-BO_LTR_USFWS_Grouse_Creek_LWD_cbnd_bt_gb.pdf"
"619","Gila elegans","20150601_USFWS_BO_06E24000_2015_F_0508.pdf"
"620","Xyrauchen texanus","20150601_USFWS_BO_06E24000_2015_F_0508.pdf"
"621","Gila elegans","20150612_USFWS_BO_06E24000_2015_F_0039.pdf"
"622","Xyrauchen texanus","20150612_USFWS_BO_06E24000_2015_F_0039.pdf"
"623","Salvelinus confluentus","20150615_BO_06E11000-2015-F-0169_Glacier_Loon.pdf"
"624","Strix occidentalis caurina","20150616_BO_re_Little_Wenatchee_MCH_Pheromone_Application.pdf"
"625","Xyrauchen texanus","20150618_USFWS_BO_06E24000_2015_F_0585.pdf"
"626","Caretta caretta","20150625FWS_ToCORP_FEMA_PensacolaBeachBO.pdf"
"627","Picoides borealis","20150702_BO_re_State_Wide_PBA_for_WA_DOT_-2014-F-0286.pdf"
"628","Strix occidentalis caurina","20150702_BO_re_State_Wide_PBA_for_WA_DOT_-2014-F-0286.pdf"
"629","Salvelinus confluentus","20150702_BO_re_State_Wide_PBA_for_WA_DOT_-2014-F-0286.pdf"
"630","Salmo salar","20150702_BO_re_State_Wide_PBA_for_WA_DOT_-2014-F-0286.pdf"
"631","Caretta caretta","20150702_BO_re_State_Wide_PBA_for_WA_DOT_-2014-F-0286.pdf"
"632","Picoides borealis","20150702_BO_re_State_Wide_PBA_for_WA_DOT_-_2014-FC-0287.pdf"
"633","Strix occidentalis caurina","20150702_BO_re_State_Wide_PBA_for_WA_DOT_-_2014-FC-0287.pdf"
"634","Salvelinus confluentus","20150702_BO_re_State_Wide_PBA_for_WA_DOT_-_2014-FC-0287.pdf"
"635","Salmo salar","20150702_BO_re_State_Wide_PBA_for_WA_DOT_-_2014-FC-0287.pdf"
"636","Caretta caretta","20150702_BO_re_State_Wide_PBA_for_WA_DOT_-_2014-FC-0287.pdf"
"637","Xyrauchen texanus","20150710_USFWS_BO_06E24000_2015_F_0150.pdf"
"638","Salvelinus confluentus","20150715_BO_06E11000-2013-F-0115_NRCS_bull_trout.pdf"
"639","Picoides borealis","20150717MCBCamLej_2015_INRMP_BO_Final.pdf"
"640","Caretta caretta","20150717MCBCamLej_2015_INRMP_BO_Final.pdf"
"641","Gila elegans","20150727_USFWS_BO_06E24000_2015_F_0099.pdf"
"642","Xyrauchen texanus","20150727_USFWS_BO_06E24000_2015_F_0099.pdf"
"643","Zapus hudsonius preblei","20150727_USFWS_BO_06E24000_2015_F_0491.pdf"
"644","Picoides borealis","20150805_FWS_BO_for_NLEB_on_Southern_NFs_corrected_signed_w_cover_letter.pdf"
"645","Myotis sodalis","20150805_FWS_BO_for_NLEB_on_Southern_NFs_corrected_signed_w_cover_letter.pdf"
"646","Caretta caretta","20150806_Ocean_Isle_Terminal_Groin_BO_Final.pdf"
"647","Xyrauchen texanus","20150826_USFWS_BO_06E24000_2015_F_0178.pdf"
"648","Xyrauchen texanus","20150826_USFWS_BO_06E24000_2015_F_0193.pdf"
"649","Gila elegans","20150827_USFWS_BO_06E24000_2015_F_0189.pdf"
"650","Xyrauchen texanus","20150827_USFWS_BO_06E24000_2015_F_0189.pdf"
"651","Zapus hudsonius preblei","20150827_USFWS_BO_06E24000_2015_F_0798.pdf"
"652","Salvelinus confluentus","20150828_BO_re_Douglas_County_MSGCP.pdf"
"653","Salvelinus confluentus","20150923_BO_re_Carbon_River_Levees_Rehabilitation.pdf"
"654","Strix occidentalis caurina","20150924_BO_re_Hansen_Creek_Vegetation_Project.pdf"
"655","Gila elegans","20151006_USFWS_BO_06E24000_2015_F_0177.pdf"
"656","Xyrauchen texanus","20151006_USFWS_BO_06E24000_2015_F_0177.pdf"
"657","Picoides borealis","2015-F-0025.pdf"
"658","Strix occidentalis caurina","2015-F-0025.pdf"
"659","Caretta caretta","2015-F-0025.pdf"
"660","Salvelinus confluentus","2015-F-0026.pdf"
"661","Strix occidentalis caurina","2015-F-0028.pdf"
"662","Strix occidentalis caurina","2015-F-0038.pdf"
"663","Strix occidentalis caurina","2015-F-0067.pdf"
"664","Rana draytonii","2015-F-0068.pdf"
"665","Eucyclogobius newberryi","2015-F-0068.pdf"
"666","Strix occidentalis caurina","2015-F-0090.pdf"
"667","Rana draytonii","2015-F-0111.pdf"
"668","Eucyclogobius newberryi","2015-F-0111.pdf"
"669","Salvelinus confluentus","2015-F-0176.pdf"
"670","Salvelinus confluentus","2015-F-0228..pdf"
"671","Strix occidentalis caurina","2015-F-0229.pdf"
"672","Rana draytonii","2015-F-0252.pdf"
"673","Strix occidentalis caurina","2015-F-0292.pdf"
"674","Strix occidentalis caurina","2015-F-0319.pdf"
"675","Myotis sodalis","2015-F-0325_WFC_Durham_Holdings_VII_Tiered_Biological_Opinion.pdf"
"676","Eucyclogobius newberryi","2015-F-0330.pdf"
"677","Salvelinus confluentus","2015Mar23_F__191_Crooked_River_Valley_Rehabilitation.pdf"
"678","Oncorhynchus gilae","30L-CM-2014-F-0167_LTBMU_FINAL_BO_5-30-15.pdf"
"679","Salvelinus confluentus","30L-CM-2014-F-0167_LTBMU_FINAL_BO_5-30-15.pdf"
"680","Oncorhynchus gilae","3_Bars_BO_FINAL.pdf"
"681","Salvelinus confluentus","3_Bars_BO_FINAL.pdf"
"682","Picoides borealis","42420-2007-F-0446-R002.pdf"
"683","Gopherus agassizii","84320-2010-F-0365.R003_BLM_Reinitiation_of_the_1998_RMP_for_the_SNDO.pdf"
"684","Gopherus agassizii","84320-2013-F-0090.R001_BLM_Overton_Power_9-yr_Plan_REINITIATION.pdf"
"685","Gopherus agassizii","84320-2013-F-0301_BIA_Moapa_Solar_Energy_Center_BiOp_FINAL_1-5-05-FW-536_Tier_6.pdf"
"686","Gopherus agassizii","84320-2013-F-0318_BLM_Valley_Electric_ROW_for_24.9_kV_Distribution_Line_REINITIATION_Amendment.pdf"
"687","Gopherus agassizii","84320-2014-F-0117_WAPA_Demo_of_Mead_Substation_Admin_Bldg_Boulder_City.pdf"
"688","Gopherus agassizii","84320-2014-F-0151_BLM_Facility_Upgrades_Append_to_RRNCA_PBO.pdf"
"689","Gopherus agassizii","84320-2014-F-0190_BLM_First_Reinitiation-_Eldorado-Ivanpah_Power_Transmission_Project.pdf"
"690","Gopherus agassizii","84320-2014-F-0190.R001_BLM_Second_Reinitiation-_Eldorado-Ivanpah_Power_Transmission_Project.pdf"
"691","Gopherus agassizii","84320-2014-F-0209_FHA_Upgrades_to_US_Hwy_95_from_Indian_Springs_to_Mercury.pdf"
"692","Gopherus agassizii","84320-2014-F-0242_BLM_ROW_Renewal_for_NV_Energy_Fiber-optic_Line_Append_to_Sloan_Canyon_NCA_PBO.pdf"
"693","Gopherus agassizii","84320-2014-F-0248__BLM_Ely_Grazing_Management_Program_Amend_ELY_RMP_PBO.pdf"
"694","Gopherus agassizii","84320-2014-F-0260_FHA_Append_Upgrades_to_State_Route_147.pdf"
"695","Gopherus agassizii","84320-2014-F-0288_FHA_re_BO_for_I-11_Phase_II_Boulder_City_Bypass.pdf"
"696","Gopherus agassizii","84320-2014-F-0293_BLM_Append_2014_LV_to_Reno_Race_to_Tonopah_PBO.pdf"
"697","Gopherus agassizii","84320-2014-F-0313_NNSA_Append_Valley_Electric_Assoc_X_Tunnel_Power_Line_to_NNSA_PBO.pdf"
"698","Gopherus agassizii","84320-2015-F-0158_-_BLM_Append_USGS_Common_Garden_Project_to_the_Ely_PBO.pdf"
"699","Gopherus agassizii","84320-2015-F-0198_-_Append_USAF_Nellis_AFB_Small_Arms_Remediation.pdf"
"700","Gopherus agassizii","84320-2015-F-0356_BLM_VFW_Poker_Run_2015_Append_to_Tonopah_PBO.pdf"
"701","Gopherus agassizii","84320-2015-F-0379-_BLM-FERC-COE_Kern_River_Pipe_Replacement_Summerlin.pdf"
"702","Gopherus agassizii","84320-2015-F-0383_BLM_Bullfrog_Mine_Partial_Pit_Backfill_Append_to_TFO_PBO.pdf"
"703","Gopherus agassizii","84320-2015-F-0385_BLM_Corvus_Gold_Nevada_LLC_Exploration_Notice_Append_to_TFO_PBO.pdf"
"704","Gopherus agassizii","84320-2015-F-0413_-_BLM_ROW_Permit_Renewal_NVCC-021745_Append_to_TFO_PBO.pdf"
"705","Gopherus agassizii","84320-2015-F-0431_-_BLM_Fall_2015_Land_Sale_Append.pdf"
"706","Gopherus agassizii","84320-2015-F-0443_BLM_2015_Vegas_to_Reno_Offroad_Race_Tonopah_PBO.pdf"
"707","Gopherus agassizii","84320-2015-F-0499_-_BLM_Append_Alamo_Land_Disposals_to_the_Ely_PBO.pdf"
"708","Gopherus agassizii","84320-2015-F-0541_-_BLM_Append_CCSD_R_PP_to_SNDO_PBO.pdf"
"709","Gopherus agassizii","84320-2015-F-0580_VEA_Community_Solar_Project_LE_HCP_BO.pdf"
"710","Myotis sodalis","867977.pdf"
"711","Anaxyrus californicus","8-8-10-F-48.pdf"
"712","Eucyclogobius newberryi","8-8-10-F-48.pdf"
"713","Gopherus agassizii","8-8-10-F-59.pdf"
"714","Eucyclogobius newberryi","8-8-11-F-66.pdf"
"715","Eucyclogobius newberryi","8-8-12-F-28.pdf"
"716","Rana chiricahuensis","8-8-13-F-45.pdf"
"717","Eucyclogobius newberryi","8-8-13-F-47.pdf"
"718","Rana draytonii","8-8-13-F-48.pdf"
"719","Anaxyrus californicus","8-8-13-F-48.pdf"
"720","Rana draytonii","8-8-14-F-12.pdf"
"721","Rana chiricahuensis","8-8-14-F-12.pdf"
"722","Eucyclogobius newberryi","8-8-14-F-18R.pdf"
"723","Gopherus agassizii","8-8-14-F-1.pdf"
"724","Rana draytonii","8-8-14-F-20.pdf"
"725","Eucyclogobius newberryi","8-8-14-F-20.pdf"
"726","Rana draytonii","8-8-14-F-34.pdf"
"727","Rana chiricahuensis","8-8-14-F-34.pdf"
"728","Eucyclogobius newberryi","8-8-14-F-34.pdf"
"729","Eucyclogobius newberryi","8-8-14-F-35.pdf"
"730","Eucyclogobius newberryi","8-8-14-F-3R.pdf"
"731","Eucyclogobius newberryi","8-8-14-F-42.pdf"
"732","Rana draytonii","8-8-14-F-7.pdf"
"733","Rana draytonii","8-8-14-F-8.pdf"
"734","Xyrauchen texanus","Black_Hills_DeBeque_Pipeline_BO_9-8-2014.pdf"
"735","Myotis sodalis","BLM_Sugarloaf_BO_Final_signed_11.25.15.pdf"
"736","Gopherus agassizii","BO_petrochemHCP_final.pdf"
"737","Xyrauchen texanus","BRForkedTonguePBOGP027.pdf"
"738","Xyrauchen texanus","BRRogersMesaFinalPBOGP026.pdf"
"739","Gila elegans","BRRogersMesaPBOGP026.pdf"
"740","Xyrauchen texanus","BRRogersMesaPBOGP026.pdf"
"741","Gila elegans","COEAspenPreservePBOCP135.pdf"
"742","Xyrauchen texanus","COEAspenPreservePBOCP135.pdf"
"743","Gila elegans","COEBasaltCommunityCampusPBOCP139.pdf"
"744","Xyrauchen texanus","COEBasaltCommunityCampusPBOCP139.pdf"
"745","Xyrauchen texanus","COECoveCottonwoodsIrrigationBO14FGJSJ003.pdf"
"746","Gila elegans","COEKirchnerPumpandPipelineProjectBOCP138.pdf"
"747","Xyrauchen texanus","COEKirchnerPumpandPipelineProjectBOCP138.pdf"
"748","Gila elegans","COEKoroDiversionPBOYP045.pdf"
"749","Gila elegans","COEMillerPropertyWaterSupplyBOCP137.pdf"
"750","Xyrauchen texanus","COEMillerPropertyWaterSupplyBOCP137.pdf"
"751","Gila elegans","COEMooresRanchPBOCP140.pdf"
"752","Xyrauchen texanus","COEMooresRanchPBOCP140.pdf"
"753","Gila elegans","COERevenueMineBOGP025.pdf"
"754","Xyrauchen texanus","COERevenueMineBOGP025.pdf"
"755","Gila elegans","COETownofWinterParkBOCP133.pdf"
"756","Xyrauchen texanus","COETownofWinterParkBOCP133.pdf"
"757","Gila elegans","COEWillowPointWaterCoalitionSpringDevPBOYP044.pdf"
"758","Gila elegans","COEWPRanchBOCP132.pdf"
"759","Xyrauchen texanus","COEWPRanchBOCP132.pdf"
"760","Myotis sodalis","Corps_PNC_bat_programmatic.pdf"
"761","Gila elegans","Corrected_WY15F0154_BFF_Intraservice_BO.pdf"
"762","Picoides borealis","Dixie_Road_Consult_BO_Final.pdf"
"763","Xyrauchen texanus","EPANorthCarracasSWDWellBO14FGJSJ002.pdf"
"764","Caretta caretta","FEMA_consult_PBO_Dellanera_Beach.pdf"
"765","Picoides borealis","final_biological_opinion_LRMP-MS_2014_april_11.pdf"
"766","Myotis sodalis","final_biological_opinion_LRMP-MS_2014_april_11.pdf"
"767","Caretta caretta","Final_FEMA_Hurricane_Ike_Programmatic_Biological_Opinion_September_2010.pdf"
"768","Strix occidentalis caurina","FinalGemmillBO_01152014PDFwithout_sig.pdf"
"769","Myotis sodalis","Final_-_Grande_Prairie_CO_033015.pdf"
"770","Myotis sodalis","Final_Signed_BO_PDF_-_CNF-2014.pdf"
"771","Myotis sodalis","FSA_Bat_Programmatic_BO.pdf"
"772","Xyrauchen texanus","FSSJNFLandRangeProjectsBO14FGJSJ001.pdf"
"773","Gila elegans","FSWRNFFinleyDitchesBOCP131.pdf"
"774","Xyrauchen texanus","FSWRNFFinleyDitchesBOCP131.pdf"
"775","Gila elegans","FWSPFWYampaBOYP043.pdf"
"776","Picoides borealis","ICP_BO_20140521_with_signatures.pdf"
"777","Myotis sodalis","ICP_BO_20140521_with_signatures.pdf"
"778","Picoides borealis","Includes_Letter_Enhanced_Training_BiOp_May_2015_Final_Edits_Dec_2015.pdf"
"779","Zapus hudsonius preblei","Kiel_Downing_Peak_to_Plain2014-F-839.pdf"
"780","Myotis sodalis","KY-61_BO.pdf"
"781","Myotis sodalis","Loves_Travel_Stop_TieringBO_15-F-0246.pdf"
"782","Caretta caretta","MSCIP_BO_final_9-8-15.pdf"
"783","Gila elegans","NDOW_WSFR_2015_Final_BO.pdf"
"784","Xyrauchen texanus","NDOW_WSFR_2015_Final_BO.pdf"
"785","Myotis sodalis","Polestar_Hixion_TieringBO_15-F-0381.pdf"
"786","Picoides borealis","PotlatchHCPBO_Signed_ocr.pdf"
"787","Myotis sodalis","Region_6_NLEB_10a1a_BO_-_SDES_November_2015_signed.pdf"
"788","Rana chiricahuensis","SHA_BFF_Final_BO_without_appendix_B_10.18.13.pdf"
"789","Gila elegans","SHA_BFF_Final_BO_without_appendix_B_10.18.13.pdf"
"790","Zapus hudsonius preblei","SHA_BFF_Final_BO_without_appendix_B_10.18.13.pdf"
"791","Picoides borealis","SR_87_New_Connector_Road_finalBO_20131220.pdf"
"792","Zapus hudsonius preblei","TAILS_06E24000-2013-F-0775_BO_038_BO.pdf"
"793","Zapus hudsonius preblei","TAILS_06E24000-2014-F-0089_Biop.pdf"
"794","Zapus hudsonius preblei","TAILS_06E24000-2014-F-0321_BO_Doc.pdf"
"795","Zapus hudsonius preblei","TAILS_06E24000-2014-F-0416_DOE-OLM_RF_BO.pdf"
"796","Zapus hudsonius preblei","TAILS_06E24000-2014-F-0784_BO_Doc.pdf"
"797","Zapus hudsonius preblei","TAILS_06E24000-F-0300_BO.pdf"
"798","Myotis sodalis","TDK_Construction_Company_Inc_TieringBO_15-F-0339.pdf"
"799","Myotis sodalis","TVA_and_Gibson_Co_Industrial_Board_TieringBO_15-F-0322.pdf"
"800","Gopherus agassizii","VFWO-CFWO_Joint_BO_Caltrans_Desert_PBO_s20131105_jab.pdf"
"801","Gila elegans","WY13F0044_BO_Continental_Divide-Creston_Natrual_Project.pdf"
"802","Xyrauchen texanus","WY13F0044_BO_Continental_Divide-Creston_Natrual_Project.pdf"
"803","Zapus hudsonius preblei","WY14F0047_BO_Invasive_Plant_Species_BMRNF_and_TBNG.pdf"
"804","Zapus hudsonius preblei","WY14F0047_Cover_Letter_to_BO.pdf"
"805","Myotis sodalis","WY15F0088_BO_Buffalo_RMP.pdf"
"806","Gila elegans","WY15F0120_Cover_Letter_to_BO_Wild_Horse_and_Burro.pdf"
"807","Xyrauchen texanus","WY15F0120_Cover_Letter_to_BO_Wild_Horse_and_Burro.pdf"
"808","Zapus hudsonius preblei","WY15F0120_Cover_Letter_to_BO_Wild_Horse_and_Burro.pdf"
"809","Gila elegans","WY15F0154_BFF_Intraservice_BO.pdf"
"810","Gila elegans","WY15F0154_BO_and_Cover_Letter_and_CO_on_10j_rule.pdf"
